index,station
6,ToyoRapid.ToyoRapid.YachiyoMidorigaoka
9,ToyoRapid.ToyoRapid.ToyoKatsutadai
4,maRailway.SaitamaRailway.Hatogaya
8,maRailway.SaitamaRailway.UrawaMisono
18,Aizu.Aizu.AizuTajima
6,Minatomirai.Minatomirai.MotomachiChukagai
5,HakoneTozan.HakoneTozan.HakoneYumoto
23,Chichibu.Chichibu.Nagatoro
36,Chichibu.Chichibu.Mitsumineguchi
18,Fujikyu.Fujikyu.Kawaguchiko
2,hibayama.Shibayama.ShibayamaChiyoda
1,hinKeisei.ShinKeisei.Matsudo
9,Yagan.AizuKinugawa.AizukogenOzeguchi
6,Izukyu.Izukyu.Izukogen
16,Izukyu.Izukyu.IzukyuShimoda
10,JR-Central.Gotemba.Gotemba
4,KashimaRinkai.OaraiKashima.Oarai
13,IzuHakone.Sunzu.Shuzenji
1,JR-West.Sanin.Izumoshi
19,JR-Shikoku.SetoOhashi.Takamatsu
2,Hokuso.Hokuso.ShinShibamata
14,Hokuso.Hokuso.InzaiMakinohara
15,Hokuso.Hokuso.ImbaNihonIdai
5,Hokuetsu.Hokuhoku.Tokamachi
1,Odakyu.Tama.ShinYurigaoka
2,Odakyu.Tama.Satsukidai
3,Odakyu.Tama.Kurihira
4,Odakyu.Tama.Kurokawa
5,Odakyu.Tama.Haruhino
6,Odakyu.Tama.OdakyuNagayama
7,Odakyu.Tama.OdakyuTamaCenter
8,Odakyu.Tama.Karakida
1,Odakyu.Enoshima.SagamiOno
2,Odakyu.Enoshima.HigashiRinkan
3,Odakyu.Enoshima.ChuoRinkan
4,Odakyu.Enoshima.MinamiRinkan
5,Odakyu.Enoshima.Tsuruma
6,Odakyu.Enoshima.Yamato
7,Odakyu.Enoshima.Sakuragaoka
8,Odakyu.Enoshima.KozaShibuya
9,Odakyu.Enoshima.Chogo
10,Odakyu.Enoshima.Shonandai
11,Odakyu.Enoshima.MutsuaiNichidaiMae
12,Odakyu.Enoshima.Zengyo
13,Odakyu.Enoshima.FujisawaHommachi
14,Odakyu.Enoshima.Fujisawa
15,Odakyu.Enoshima.HonKugenuma
16,Odakyu.Enoshima.KugenumaKaigan
17,Odakyu.Enoshima.KataseEnoshima
1,Odakyu.Odawara.Shinjuku
2,Odakyu.Odawara.MinamiShinjuku
3,Odakyu.Odawara.Sangubashi
4,Odakyu.Odawara.YoyogiHachiman
5,Odakyu.Odawara.YoyogiUehara
6,Odakyu.Odawara.HigashiKitazawa
7,Odakyu.Odawara.ShimoKitazawa
8,Odakyu.Odawara.SetagayaDaita
9,Odakyu.Odawara.Umegaoka
10,Odakyu.Odawara.Gotokuji
11,Odakyu.Odawara.Kyodo
12,Odakyu.Odawara.ChitoseFunabashi
13,Odakyu.Odawara.SoshigayaOkura
14,Odakyu.Odawara.SeijogakuenMae
15,Odakyu.Odawara.Kitami
16,Odakyu.Odawara.Komae
17,Odakyu.Odawara.IzumiTamagawa
18,Odakyu.Odawara.Noborito
19,Odakyu.Odawara.MukogaokaYuen
20,Odakyu.Odawara.Ikuta
21,Odakyu.Odawara.YomiuriLandMae
22,Odakyu.Odawara.Yurigaoka
23,Odakyu.Odawara.ShinYurigaoka
24,Odakyu.Odawara.Kakio
25,Odakyu.Odawara.Tsurukawa
26,Odakyu.Odawara.TamagawagakuenMae
27,Odakyu.Odawara.Machida
28,Odakyu.Odawara.SagamiOno
29,Odakyu.Odawara.OdakyuSagamihara
30,Odakyu.Odawara.SobudaiMae
31,Odakyu.Odawara.Zama
32,Odakyu.Odawara.Ebina
33,Odakyu.Odawara.Atsugi
34,Odakyu.Odawara.HonAtsugi
35,Odakyu.Odawara.AikoIshida
36,Odakyu.Odawara.Isehara
37,Odakyu.Odawara.TsurumakiOnsen
38,Odakyu.Odawara.TokaidaigakuMae
39,Odakyu.Odawara.Hadano
40,Odakyu.Odawara.Shibusawa
41,Odakyu.Odawara.ShinMatsuda
42,Odakyu.Odawara.Kaisei
43,Odakyu.Odawara.Kayama
44,Odakyu.Odawara.Tomizu
45,Odakyu.Odawara.Hotaruda
46,Odakyu.Odawara.Ashigara
47,Odakyu.Odawara.Odawara
1,Keisei.NaritaSkyAccess.KeiseiTakasago
2,Keisei.NaritaSkyAccess.HigashiMatsudo
3,Keisei.NaritaSkyAccess.ShinKamagaya
4,Keisei.NaritaSkyAccess.ChibaNewTownChuo
5,Keisei.NaritaSkyAccess.ImbaNihonIdai
6,Keisei.NaritaSkyAccess.NaritaYukawa
7,Keisei.NaritaSkyAccess.NaritaAirportTerminal2and3
8,Keisei.NaritaSkyAccess.NaritaAirportTerminal1
1,Keisei.Chiba.KeiseiTsudanuma
2,Keisei.Chiba.KeiseiMakuharihongo
3,Keisei.Chiba.KeiseiMakuhari
4,Keisei.Chiba.Kemigawa
5,Keisei.Chiba.KeiseiInage
6,Keisei.Chiba.Midoridai
7,Keisei.Chiba.NishiNobuto
8,Keisei.Chiba.ShinChiba
9,Keisei.Chiba.KeiseiChiba
10,Keisei.Chiba.ChibaChuo
1,Keisei.Chihara.ChibaChuo
2,Keisei.Chihara.Chibadera
3,Keisei.Chihara.Omoridai
4,Keisei.Chihara.Gakuemmae
5,Keisei.Chihara.Oyumino
6,Keisei.Chihara.Chiharadai
1,Keisei.HigashiNarita.KeiseiNarita
2,Keisei.HigashiNarita.HigashiNarita
1,Keisei.Kanamachi.KeiseiTakasago
2,Keisei.Kanamachi.Shibamata
3,Keisei.Kanamachi.KeiseiKanamachi
1,Keisei.Main.KeiseiUeno
2,Keisei.Main.Nippori
3,Keisei.Main.ShimMikawashima
4,Keisei.Main.Machiya
5,Keisei.Main.Senjuohashi
6,Keisei.Main.KeiseiSekiya
7,Keisei.Main.Horikirishobuen
8,Keisei.Main.Ohanajaya
9,Keisei.Main.Aoto
10,Keisei.Main.KeiseiTakasago
11,Keisei.Main.KeiseiKoiwa
12,Keisei.Main.Edogawa
13,Keisei.Main.Konodai
14,Keisei.Main.Ichikawamama
15,Keisei.Main.Sugano
16,Keisei.Main.KeiseiYawata
17,Keisei.Main.Onigoe
18,Keisei.Main.KeiseiNakayama
19,Keisei.Main.HigashiNakayama
20,Keisei.Main.KeiseiNishifuna
21,Keisei.Main.Kaijin
22,Keisei.Main.KeiseiFunabashi
23,Keisei.Main.Daijingushita
24,Keisei.Main.Funabashikeibajo
25,Keisei.Main.Yatsu
26,Keisei.Main.KeiseiTsudanuma
27,Keisei.Main.KeiseiOkubo
28,Keisei.Main.Mimomi
29,Keisei.Main.Yachiyodai
30,Keisei.Main.KeiseiOwada
31,Keisei.Main.Katsutadai
32,Keisei.Main.Shizu
33,Keisei.Main.Yukarigaoka
34,Keisei.Main.KeiseiUsui
35,Keisei.Main.KeiseiSakura
36,Keisei.Main.Osakura
37,Keisei.Main.KeiseiShisui
38,Keisei.Main.Sogosando
39,Keisei.Main.Kozunomori
40,Keisei.Main.KeiseiNarita
41,Keisei.Main.NaritaAirportTerminal2and3
42,Keisei.Main.NaritaAirportTerminal1
1,Keisei.Oshiage.Oshiage
2,Keisei.Oshiage.KeiseiHikifune
3,Keisei.Oshiage.Yahiro
4,Keisei.Oshiage.Yotsugi
5,Keisei.Oshiage.KeiseiTateishi
6,Keisei.Oshiage.Aoto
13,JR-East.Agatsuma.Naganoharakusatsuguchi
1,eibu.Haijima.Kodaira
2,eibu.Haijima.Hagiyama
3,eibu.Haijima.Ogawa
4,eibu.Haijima.HigashiYamatoshi
5,eibu.Haijima.TamagawaJosui
6,eibu.Haijima.MusashiSunagawa
7,eibu.Haijima.SeibuTachikawa
8,eibu.Haijima.Haijima
1,eibu.Ikebukuro.Ikebukuro
2,eibu.Ikebukuro.Shiinamachi
3,eibu.Ikebukuro.HigashiNagasaki
4,eibu.Ikebukuro.Ekoda
5,eibu.Ikebukuro.Sakuradai
6,eibu.Ikebukuro.Nerima
7,eibu.Ikebukuro.Nakamurabashi
8,eibu.Ikebukuro.Fujimidai
9,eibu.Ikebukuro.NerimaTakanodai
10,eibu.Ikebukuro.ShakujiiKoen
11,eibu.Ikebukuro.OizumiGakuen
12,eibu.Ikebukuro.Hoya
13,eibu.Ikebukuro.Hibarigaoka
14,eibu.Ikebukuro.HigashiKurume
15,eibu.Ikebukuro.Kiyose
16,eibu.Ikebukuro.Akitsu
17,eibu.Ikebukuro.Tokorozawa
18,eibu.Ikebukuro.NishiTokorozawa
19,eibu.Ikebukuro.Kotesashi
20,eibu.Ikebukuro.Sayamagaoka
21,eibu.Ikebukuro.MusashiFujisawa
22,eibu.Ikebukuro.InariyamaKoen
23,eibu.Ikebukuro.Irumashi
24,eibu.Ikebukuro.Bushi
25,eibu.Ikebukuro.Motokaji
26,eibu.Ikebukuro.Hanno
27,eibu.Ikebukuro.HigashiHanno
28,eibu.Ikebukuro.Koma
29,eibu.Ikebukuro.MusashiYokote
30,eibu.Ikebukuro.HigashiAgano
31,eibu.Ikebukuro.Agano
1,eibu.Kokubunji.Kokubunji
2,eibu.Kokubunji.Koigakubo
3,eibu.Kokubunji.Takanodai
4,eibu.Kokubunji.Ogawa
5,eibu.Kokubunji.HigashiMurayama
1,eibu.Sayama.NishiTokorozawa
2,eibu.Sayama.ShimoYamaguchi
3,eibu.Sayama.SeibukyujoMae
22,JR-Central.Tokaido.Kannami
23,JR-Central.Tokaido.Mishima
24,JR-Central.Tokaido.Numazu
1,eibu.SeibuChichibu.Agano
2,eibu.SeibuChichibu.NishiAgano
3,eibu.SeibuChichibu.Shomaru
4,eibu.SeibuChichibu.Ashigakubo
5,eibu.SeibuChichibu.Yokoze
6,eibu.SeibuChichibu.SeibuChichibu
1,eibu.SeibuYurakucho.KotakeMukaihara
2,eibu.SeibuYurakucho.ShinSakuradai
3,eibu.SeibuYurakucho.Nerima
1,eibu.Seibuen.HigashiMurayama
2,eibu.Seibuen.Seibuen
1,eibu.Shinjuku.SeibuShinjuku
2,eibu.Shinjuku.Takadanobaba
3,eibu.Shinjuku.ShimoOchiai
4,eibu.Shinjuku.Nakai
5,eibu.Shinjuku.AraiyakushiMae
6,eibu.Shinjuku.Numabukuro
7,eibu.Shinjuku.Nogata
8,eibu.Shinjuku.ToritsuKasei
9,eibu.Shinjuku.Saginomiya
10,eibu.Shinjuku.ShimoIgusa
11,eibu.Shinjuku.Iogi
12,eibu.Shinjuku.KamiIgusa
13,eibu.Shinjuku.KamiShakujii
14,eibu.Shinjuku.MusashiSeki
15,eibu.Shinjuku.HigashiFushimi
16,eibu.Shinjuku.SeibuYagisawa
17,eibu.Shinjuku.Tanashi
18,eibu.Shinjuku.HanaKoganei
19,eibu.Shinjuku.Kodaira
20,eibu.Shinjuku.Kumegawa
21,eibu.Shinjuku.HigashiMurayama
22,eibu.Shinjuku.Tokorozawa
23,eibu.Shinjuku.KokuKoen
24,eibu.Shinjuku.ShinTokorozawa
25,eibu.Shinjuku.Iriso
26,eibu.Shinjuku.Sayamashi
27,eibu.Shinjuku.ShinSayama
28,eibu.Shinjuku.MinamiOtsuka
29,eibu.Shinjuku.HonKawagoe
1,eibu.Tamagawa.MusashiSakai
2,eibu.Tamagawa.ShinKoganei
3,eibu.Tamagawa.Tama
4,eibu.Tamagawa.Shiraitodai
5,eibu.Tamagawa.KyoteijoMae
6,eibu.Tamagawa.Koremasa
1,eibu.Tamako.Kokubunji
2,eibu.Tamako.HitotsubashiGakuen
3,eibu.Tamako.OmeKaido
4,eibu.Tamako.Hagiyama
5,eibu.Tamako.Yasaka
6,eibu.Tamako.MusashiYamato
7,eibu.Tamako.SeibuYuenchi
1,eibu.Toshima.Nerima
2,eibu.Toshima.Toshimaen
1,eibu.Yamaguchi.SeibuYuenchi
2,eibu.Yamaguchi.YuenchiNishi
3,eibu.Yamaguchi.SeibukyujoMae
4,JR-Shikoku.Dosan.Kotohira
21,JR-East.BanetsuWest.Kitakata
1,JR-East.ChuoRapid.Tokyo
2,JR-East.ChuoRapid.Kanda
3,JR-East.ChuoRapid.Ochanomizu
4,JR-East.ChuoRapid.Yotsuya
5,JR-East.ChuoRapid.Shinjuku
6,JR-East.ChuoRapid.Nakano
7,JR-East.ChuoRapid.Koenji
8,JR-East.ChuoRapid.Asagaya
9,JR-East.ChuoRapid.Ogikubo
10,JR-East.ChuoRapid.NishiOgikubo
11,JR-East.ChuoRapid.Kichijoji
12,JR-East.ChuoRapid.Mitaka
13,JR-East.ChuoRapid.MusashiSakai
14,JR-East.ChuoRapid.HigashiKoganei
15,JR-East.ChuoRapid.MusashiKoganei
16,JR-East.ChuoRapid.Kokubunji
17,JR-East.ChuoRapid.NishiKokubunji
18,JR-East.ChuoRapid.Kunitachi
19,JR-East.ChuoRapid.Tachikawa
20,JR-East.ChuoRapid.Hino
21,JR-East.ChuoRapid.Toyoda
22,JR-East.ChuoRapid.Hachioji
23,JR-East.ChuoRapid.NishiHachioji
24,JR-East.ChuoRapid.Takao
1,JR-East.ChuoSobuLocal.Chiba
2,JR-East.ChuoSobuLocal.NishiChiba
3,JR-East.ChuoSobuLocal.Inage
4,JR-East.ChuoSobuLocal.ShinKemigawa
5,JR-East.ChuoSobuLocal.Makuhari
6,JR-East.ChuoSobuLocal.Makuharihongo
7,JR-East.ChuoSobuLocal.Tsudanuma
8,JR-East.ChuoSobuLocal.HigashiFunabashi
9,JR-East.ChuoSobuLocal.Funabashi
10,JR-East.ChuoSobuLocal.NishiFunabashi
11,JR-East.ChuoSobuLocal.ShimosaNakayama
12,JR-East.ChuoSobuLocal.MotoYawata
13,JR-East.ChuoSobuLocal.Ichikawa
14,JR-East.ChuoSobuLocal.Koiwa
15,JR-East.ChuoSobuLocal.ShinKoiwa
16,JR-East.ChuoSobuLocal.Hirai
17,JR-East.ChuoSobuLocal.Kameido
18,JR-East.ChuoSobuLocal.Kinshicho
19,JR-East.ChuoSobuLocal.Ryogoku
20,JR-East.ChuoSobuLocal.Asakusabashi
21,JR-East.ChuoSobuLocal.Akihabara
22,JR-East.ChuoSobuLocal.Ochanomizu
23,JR-East.ChuoSobuLocal.Suidobashi
24,JR-East.ChuoSobuLocal.Iidabashi
25,JR-East.ChuoSobuLocal.Ichigaya
26,JR-East.ChuoSobuLocal.Yotsuya
27,JR-East.ChuoSobuLocal.Shinanomachi
28,JR-East.ChuoSobuLocal.Sendagaya
29,JR-East.ChuoSobuLocal.Yoyogi
30,JR-East.ChuoSobuLocal.Shinjuku
31,JR-East.ChuoSobuLocal.Okubo
32,JR-East.ChuoSobuLocal.HigashiNakano
33,JR-East.ChuoSobuLocal.Nakano
34,JR-East.ChuoSobuLocal.Koenji
35,JR-East.ChuoSobuLocal.Asagaya
36,JR-East.ChuoSobuLocal.Ogikubo
37,JR-East.ChuoSobuLocal.NishiOgikubo
38,JR-East.ChuoSobuLocal.Kichijoji
39,JR-East.ChuoSobuLocal.Mitaka
1,JR-East.Chuo.Takao
2,JR-East.Chuo.Sagamiko
3,JR-East.Chuo.Fujino
4,JR-East.Chuo.Uenohara
5,JR-East.Chuo.Shiotsu
6,JR-East.Chuo.Yanagawa
7,JR-East.Chuo.Torisawa
8,JR-East.Chuo.Saruhashi
9,JR-East.Chuo.Otsuki
10,JR-East.Chuo.Hatsukari
11,JR-East.Chuo.Sasago
12,JR-East.Chuo.KaiYamato
13,JR-East.Chuo.Katsunumabudokyo
14,JR-East.Chuo.Enzan
15,JR-East.Chuo.HigashiYamanashi
16,JR-East.Chuo.Yamanashishi
17,JR-East.Chuo.Kasugaicho
18,JR-East.Chuo.IsawaOnsen
19,JR-East.Chuo.Sakaori
20,JR-East.Chuo.Kofu
21,JR-East.Chuo.Ryuo
22,JR-East.Chuo.Shiozaki
23,JR-East.Chuo.Nirasaki
24,JR-East.Chuo.Shimpu
25,JR-East.Chuo.Anayama
26,JR-East.Chuo.Hinoharu
27,JR-East.Chuo.Nagasaka
28,JR-East.Chuo.Kobuchizawa
29,JR-East.Chuo.ShinanoSakai
30,JR-East.Chuo.Fujimi
31,JR-East.Chuo.Suzurannosato
32,JR-East.Chuo.Aoyagi
33,JR-East.Chuo.Chino
34,JR-East.Chuo.KamiSuwa
35,JR-East.Chuo.ShimoSuwa
36,JR-East.Chuo.Okaya
37,JR-East.Chuo.Midoriko
38,JR-East.Chuo.Shiojiri
1,JR-East.Hachiko.Hachioji
2,JR-East.Hachiko.KitaHachioji
3,JR-East.Hachiko.Komiya
4,JR-East.Hachiko.Haijima
5,JR-East.Hachiko.HigashiFussa
6,JR-East.Hachiko.Hakonegasaki
7,JR-East.Hachiko.Kaneko
8,JR-East.Hachiko.HigashiHanno
9,JR-East.Hachiko.Komagawa
10,JR-East.Hachiko.Moro
11,JR-East.Hachiko.Ogose
12,JR-East.Hachiko.Myokaku
13,JR-East.Hachiko.Ogawamachi
14,JR-East.Hachiko.Takezawa
15,JR-East.Hachiko.Orihara
16,JR-East.Hachiko.Yorii
17,JR-East.Hachiko.Yodo
18,JR-East.Hachiko.Matsuhisa
19,JR-East.Hachiko.Kodama
20,JR-East.Hachiko.Tansho
21,JR-East.Hachiko.GummaFujioka
22,JR-East.Hachiko.KitaFujioka
23,JR-East.Hachiko.Kuragano
24,JR-East.Hachiko.Takasaki
1,JR-East.Ito.Atami
2,JR-East.Ito.Kinomiya
3,JR-East.Ito.IzuTaga
4,JR-East.Ito.Ajiro
5,JR-East.Ito.Usami
6,JR-East.Ito.Ito
1,JR-East.Itsukaichi.Haijima
2,JR-East.Itsukaichi.Kumagawa
3,JR-East.Itsukaichi.HigashiAkiru
4,JR-East.Itsukaichi.Akigawa
5,JR-East.Itsukaichi.MusashiHikida
6,JR-East.Itsukaichi.MusashiMasuko
7,JR-East.Itsukaichi.MusashiItsukaichi
1,JR-East.JobanLocal.Ayase
2,JR-East.JobanLocal.Kameari
3,JR-East.JobanLocal.Kanamachi
4,JR-East.JobanLocal.Matsudo
5,JR-East.JobanLocal.KitaMatsudo
6,JR-East.JobanLocal.Mabashi
7,JR-East.JobanLocal.ShimMatsudo
8,JR-East.JobanLocal.KitaKogane
9,JR-East.JobanLocal.MinamiKashiwa
10,JR-East.JobanLocal.Kashiwa
11,JR-East.JobanLocal.KitaKashiwa
12,JR-East.JobanLocal.Abiko
13,JR-East.JobanLocal.Tennodai
14,JR-East.JobanLocal.Toride
1,JR-East.JobanRapid.Shinagawa
2,JR-East.JobanRapid.Shimbashi
3,JR-East.JobanRapid.Tokyo
4,JR-East.JobanRapid.Ueno
5,JR-East.JobanRapid.Nippori
6,JR-East.JobanRapid.Mikawashima
7,JR-East.JobanRapid.MinamiSenju
8,JR-East.JobanRapid.KitaSenju
9,JR-East.JobanRapid.Matsudo
10,JR-East.JobanRapid.Kashiwa
11,JR-East.JobanRapid.Abiko
12,JR-East.JobanRapid.Tennodai
13,JR-East.JobanRapid.Toride
1,JR-East.Joban.Toride
2,JR-East.Joban.Fujishiro
3,JR-East.Joban.Sanuki
4,JR-East.Joban.Ushiku
5,JR-East.Joban.Hitachinoushiku
6,JR-East.Joban.Arakawaoki
7,JR-East.Joban.Tsuchiura
8,JR-East.Joban.Kandatsu
9,JR-East.Joban.Takahama
10,JR-East.Joban.Ishioka
11,JR-East.Joban.Hatori
12,JR-East.Joban.Iwama
13,JR-East.Joban.Tomobe
14,JR-East.Joban.Uchihara
15,JR-East.Joban.Akatsuka
16,JR-East.Joban.Kairakuen
17,JR-East.Joban.Mito
18,JR-East.Joban.Katsuta
19,JR-East.Joban.Sawa
20,JR-East.Joban.Tokai
21,JR-East.Joban.Omika
22,JR-East.Joban.HitachiTaga
23,JR-East.Joban.Hitachi
24,JR-East.Joban.Ogitsu
25,JR-East.Joban.Juo
26,JR-East.Joban.Takahagi
27,JR-East.Joban.MinamiNakago
28,JR-East.Joban.Isohara
29,JR-East.Joban.Otsuko
30,JR-East.Joban.Nakoso
31,JR-East.Joban.Ueda
32,JR-East.Joban.Izumi
33,JR-East.Joban.Yumoto
34,JR-East.Joban.Uchigo
35,JR-East.Joban.Iwaki
36,JR-East.Joban.Kusano
37,JR-East.Joban.Yotsukura
38,JR-East.Joban.Hisanohama
39,JR-East.Joban.Suetsugi
40,JR-East.Joban.Hirono
41,JR-East.Joban.Kido
42,JR-East.Joban.Tatsuta
43,JR-East.Joban.Tomioka
44,JR-East.Joban.Yonomori
45,JR-East.Joban.Ono
46,JR-East.Joban.Futaba
47,JR-East.Joban.Namie
48,JR-East.Joban.Momouchi
49,JR-East.Joban.Odaka
50,JR-East.Joban.IwakiOta
51,JR-East.Joban.Haranomachi
52,JR-East.Joban.Kashima
53,JR-East.Joban.Nittaki
54,JR-East.Joban.Soma
55,JR-East.Joban.Komagamine
56,JR-East.Joban.Shinchi
57,JR-East.Joban.Sakamoto
58,JR-East.Joban.Yamashita
59,JR-East.Joban.Hamayoshida
60,JR-East.Joban.Watari
61,JR-East.Joban.Okuma
62,JR-East.Joban.Iwanuma
63,JR-East.Joban.Tatekoshi
64,JR-East.Joban.Natori
65,JR-East.Joban.MinamiSendai
66,JR-East.Joban.Taishido
67,JR-East.Joban.Nagamachi
68,JR-East.Joban.Sendai
1,JR-East.Karasuyama.Hoshakuji
2,JR-East.Karasuyama.ShimotsukeHanaoka
3,JR-East.Karasuyama.Niita
4,JR-East.Karasuyama.Konoyama
5,JR-East.Karasuyama.Ogane
6,JR-East.Karasuyama.Kobana
7,JR-East.Karasuyama.Taki
8,JR-East.Karasuyama.Karasuyama
1,JR-East.Kashima.Sawara
2,JR-East.Kashima.Katori
3,JR-East.Kashima.Junikyo
4,JR-East.Kashima.Itako
5,JR-East.Kashima.Nobukata
6,JR-East.Kashima.Kashimajingu
7,JR-East.Kashima.KashimaSoccerStadium
1,JR-East.Kawagoe.Kawagoe
2,JR-East.Kawagoe.NishiKawagoe
3,JR-East.Kawagoe.Matoba
4,JR-East.Kawagoe.Kasahata
5,JR-East.Kawagoe.MusashiTakahagi
6,JR-East.Kawagoe.Komagawa
1,JR-East.KeihinTohokuNegishi.Omiya
2,JR-East.KeihinTohokuNegishi.SaitamaShintoshin
3,JR-East.KeihinTohokuNegishi.Yono
4,JR-East.KeihinTohokuNegishi.KitaUrawa
5,JR-East.KeihinTohokuNegishi.Urawa
6,JR-East.KeihinTohokuNegishi.MinamiUrawa
7,JR-East.KeihinTohokuNegishi.Warabi
8,JR-East.KeihinTohokuNegishi.NishiKawaguchi
9,JR-East.KeihinTohokuNegishi.Kawaguchi
10,JR-East.KeihinTohokuNegishi.Akabane
11,JR-East.KeihinTohokuNegishi.HigashiJujo
12,JR-East.KeihinTohokuNegishi.Oji
13,JR-East.KeihinTohokuNegishi.KamiNakazato
14,JR-East.KeihinTohokuNegishi.Tabata
15,JR-East.KeihinTohokuNegishi.NishiNippori
16,JR-East.KeihinTohokuNegishi.Nippori
17,JR-East.KeihinTohokuNegishi.Uguisudani
18,JR-East.KeihinTohokuNegishi.Ueno
19,JR-East.KeihinTohokuNegishi.Okachimachi
20,JR-East.KeihinTohokuNegishi.Akihabara
21,JR-East.KeihinTohokuNegishi.Kanda
22,JR-East.KeihinTohokuNegishi.Tokyo
23,JR-East.KeihinTohokuNegishi.Yurakucho
24,JR-East.KeihinTohokuNegishi.Shimbashi
25,JR-East.KeihinTohokuNegishi.Hamamatsucho
26,JR-East.KeihinTohokuNegishi.Tamachi
27,JR-East.KeihinTohokuNegishi.Shinagawa
28,JR-East.KeihinTohokuNegishi.Oimachi
29,JR-East.KeihinTohokuNegishi.Omori
30,JR-East.KeihinTohokuNegishi.Kamata
31,JR-East.KeihinTohokuNegishi.Kawasaki
32,JR-East.KeihinTohokuNegishi.Tsurumi
33,JR-East.KeihinTohokuNegishi.ShinKoyasu
34,JR-East.KeihinTohokuNegishi.HigashiKanagawa
35,JR-East.KeihinTohokuNegishi.Yokohama
36,JR-East.KeihinTohokuNegishi.Sakuragicho
37,JR-East.KeihinTohokuNegishi.Kannai
38,JR-East.KeihinTohokuNegishi.Ishikawacho
39,JR-East.KeihinTohokuNegishi.Yamate
40,JR-East.KeihinTohokuNegishi.Negishi
41,JR-East.KeihinTohokuNegishi.Isogo
42,JR-East.KeihinTohokuNegishi.ShinSugita
43,JR-East.KeihinTohokuNegishi.Yokodai
44,JR-East.KeihinTohokuNegishi.Konandai
45,JR-East.KeihinTohokuNegishi.Hongodai
46,JR-East.KeihinTohokuNegishi.Ofuna
1,JR-East.Keiyo.Tokyo
2,JR-East.Keiyo.Hatchobori
3,JR-East.Keiyo.Etchujima
4,JR-East.Keiyo.Shiomi
5,JR-East.Keiyo.ShinKiba
6,JR-East.Keiyo.Kasairinkaikoen
7,JR-East.Keiyo.Maihama
8,JR-East.Keiyo.ShinUrayasu
9,JR-East.Keiyo.Ichikawashiohama
10,JR-East.Keiyo.Futamatashimmachi
11,JR-East.Keiyo.MinamiFunabashi
12,JR-East.Keiyo.ShinNarashino
13,JR-East.Keiyo.Kaihimmakuhari
14,JR-East.Keiyo.Kemigawahama
15,JR-East.Keiyo.Inagekaigan
16,JR-East.Keiyo.Chibaminato
17,JR-East.Keiyo.Soga
18,JR-East.Keiyo.NishiFunabashi
1,JR-East.Kururi.Kisarazu
2,JR-East.Kururi.Gion
3,JR-East.Kururi.KazusaKiyokawa
4,JR-East.Kururi.HigashiKiyokawa
5,JR-East.Kururi.Yokota
6,JR-East.Kururi.HigashiYokota
7,JR-East.Kururi.Makuta
8,JR-East.Kururi.Shimogori
9,JR-East.Kururi.Obitsu
10,JR-East.Kururi.Tawarada
11,JR-East.Kururi.Kururi
12,JR-East.Kururi.Hirayama
13,JR-East.Kururi.KazusaMatsuoka
14,JR-East.Kururi.KazusaKameyama
1,JR-East.Mito.Oyama
1,JR-East.Musashino.Fuchuhommachi
2,JR-East.Musashino.KitaFuchu
3,JR-East.Musashino.NishiKokubunji
4,JR-East.Musashino.ShinKodaira
5,JR-East.Musashino.ShinAkitsu
6,JR-East.Musashino.HigashiTokorozawa
7,JR-East.Musashino.Niiza
8,JR-East.Musashino.KitaAsaka
9,JR-East.Musashino.NishiUrawa
10,JR-East.Musashino.MusashiUrawa
11,JR-East.Musashino.MinamiUrawa
12,JR-East.Musashino.HigashiUrawa
13,JR-East.Musashino.HigashiKawaguchi
14,JR-East.Musashino.MinamiKoshigaya
15,JR-East.Musashino.KoshigayaLaketown
16,JR-East.Musashino.Yoshikawa
17,JR-East.Musashino.Yoshikawaminami
18,JR-East.Musashino.ShimMisato
19,JR-East.Musashino.Misato
20,JR-East.Musashino.MinamiNagareyama
21,JR-East.Musashino.ShimMatsudo
22,JR-East.Musashino.ShinYahashira
23,JR-East.Musashino.HigashiMatsudo
24,JR-East.Musashino.Ichikawaono
25,JR-East.Musashino.Funabashihoten
26,JR-East.Musashino.NishiFunabashi
1,JR-East.NambuBranch.HamaKawasaki
2,JR-East.NambuBranch.Odasakae
3,JR-East.NambuBranch.Kawasakishimmachi
4,JR-East.NambuBranch.Hatchonawate
5,JR-East.NambuBranch.Shitte
1,JR-East.Nambu.Kawasaki
2,JR-East.Nambu.Shitte
3,JR-East.Nambu.Yako
4,JR-East.Nambu.Kashimada
5,JR-East.Nambu.Hirama
6,JR-East.Nambu.Mukaigawara
7,JR-East.Nambu.MusashiKosugi
8,JR-East.Nambu.MusashiNakahara
9,JR-East.Nambu.MusashiShinjo
10,JR-East.Nambu.MusashiMizonokuchi
11,JR-East.Nambu.Tsudayama
12,JR-East.Nambu.Kuji
13,JR-East.Nambu.Shukugawara
14,JR-East.Nambu.Noborito
15,JR-East.Nambu.Nakanoshima
16,JR-East.Nambu.Inadazutsumi
17,JR-East.Nambu.Yanokuchi
18,JR-East.Nambu.Inaginaganuma
19,JR-East.Nambu.MinamiTama
20,JR-East.Nambu.Fuchuhommachi
21,JR-East.Nambu.Bubaigawara
22,JR-East.Nambu.Nishifu
23,JR-East.Nambu.Yaho
24,JR-East.Nambu.Yagawa
25,JR-East.Nambu.NishiKunitachi
26,JR-East.Nambu.Tachikawa
1,JR-East.NaritaAbikoBranch.Abiko
2,JR-East.NaritaAbikoBranch.HigashiAbiko
3,JR-East.NaritaAbikoBranch.Kohoku
4,JR-East.NaritaAbikoBranch.Araki
5,JR-East.NaritaAbikoBranch.Fusa
6,JR-East.NaritaAbikoBranch.Kioroshi
7,JR-East.NaritaAbikoBranch.Kobayashi
8,JR-East.NaritaAbikoBranch.Ajiki
9,JR-East.NaritaAbikoBranch.ShimosaManzaki
10,JR-East.NaritaAbikoBranch.Narita
1,JR-East.NaritaAirportBranch.Narita
2,JR-East.NaritaAirportBranch.NaritaAirportTerminal2and3
3,JR-East.NaritaAirportBranch.NaritaAirportTerminal1
1,JR-East.Narita.Sakura
2,JR-East.Narita.Shisui
3,JR-East.Narita.Narita
4,JR-East.Narita.Kuzumi
5,JR-East.Narita.Namegawa
6,JR-East.Narita.ShimosaKozaki
7,JR-East.Narita.Oto
8,JR-East.Narita.Sawara
9,JR-East.Narita.Katori
10,JR-East.Narita.Suigo
11,JR-East.Narita.Omigawa
12,JR-East.Narita.Sasagawa
13,JR-East.Narita.ShimosaTachibana
14,JR-East.Narita.ShimosaToyosato
15,JR-East.Narita.Shiishiba
16,JR-East.Narita.Matsugishi
17,JR-East.Narita.Choshi
1,JR-East.Nikko.Utsunomiya
2,JR-East.Nikko.Tsuruta
3,JR-East.Nikko.Kanuma
4,JR-East.Nikko.Fubasami
5,JR-East.Nikko.ShimotsukeOsawa
6,JR-East.Nikko.Imaichi
7,JR-East.Nikko.Nikko
34,JR-East.Oito.MinamiOtari
1,JR-East.Ome.Tachikawa
2,JR-East.Ome.NishiTachikawa
3,JR-East.Ome.HigashiNakagami
4,JR-East.Ome.Nakagami
5,JR-East.Ome.Akishima
6,JR-East.Ome.Haijima
7,JR-East.Ome.Ushihama
8,JR-East.Ome.Fussa
9,JR-East.Ome.Hamura
10,JR-East.Ome.Ozaku
11,JR-East.Ome.Kabe
12,JR-East.Ome.HigashiOme
13,JR-East.Ome.Ome
14,JR-East.Ome.Miyanohira
15,JR-East.Ome.Hinatawada
16,JR-East.Ome.Ishigamimae
17,JR-East.Ome.Futamatao
18,JR-East.Ome.Ikusabata
19,JR-East.Ome.Sawai
20,JR-East.Ome.Mitake
21,JR-East.Ome.Kawai
22,JR-East.Ome.Kori
23,JR-East.Ome.Hatonosu
24,JR-East.Ome.Shiromaru
25,JR-East.Ome.OkuTama
1,JR-East.Ryomo.Takasaki
2,JR-East.Ryomo.Takasakitonyamachi
3,JR-East.Ryomo.Ino
4,JR-East.Ryomo.ShimMaebashi
5,JR-East.Ryomo.Maebashi
6,JR-East.Ryomo.Maebashioshima
7,JR-East.Ryomo.Komagata
8,JR-East.Ryomo.Isesaki
9,JR-East.Ryomo.Kunisada
10,JR-East.Ryomo.Iwajuku
11,JR-East.Ryomo.Kiryu
12,JR-East.Ryomo.Omata
13,JR-East.Ryomo.Yamamae
14,JR-East.Ryomo.Ashikaga
15,JR-East.Ryomo.AshikagaFlowerPark
16,JR-East.Ryomo.Tomita
17,JR-East.Ryomo.Sano
18,JR-East.Ryomo.Iwafune
19,JR-East.Ryomo.Ohirashita
20,JR-East.Ryomo.Tochigi
21,JR-East.Ryomo.Omoigawa
22,JR-East.Ryomo.Oyama
1,JR-East.Sagami.Chigasaki
2,JR-East.Sagami.KitaChigasaki
3,JR-East.Sagami.Kagawa
4,JR-East.Sagami.Samukawa
5,JR-East.Sagami.Miyayama
6,JR-East.Sagami.Kurami
7,JR-East.Sagami.Kadosawabashi
8,JR-East.Sagami.Shake
9,JR-East.Sagami.Atsugi
10,JR-East.Sagami.Ebina
11,JR-East.Sagami.Iriya
12,JR-East.Sagami.Sobudaishita
13,JR-East.Sagami.Shimomizo
14,JR-East.Sagami.Harataima
15,JR-East.Sagami.Banda
16,JR-East.Sagami.Kamimizo
17,JR-East.Sagami.MinamiHashimoto
18,JR-East.Sagami.Hashimoto
1,JR-East.SaikyoKawagoe.Osaki
2,JR-East.SaikyoKawagoe.Ebisu
3,JR-East.SaikyoKawagoe.Shibuya
4,JR-East.SaikyoKawagoe.Shinjuku
5,JR-East.SaikyoKawagoe.Ikebukuro
6,JR-East.SaikyoKawagoe.Itabashi
7,JR-East.SaikyoKawagoe.Jujo
8,JR-East.SaikyoKawagoe.Akabane
9,JR-East.SaikyoKawagoe.KitaAkabane
10,JR-East.SaikyoKawagoe.Ukimafunado
11,JR-East.SaikyoKawagoe.TodaKoen
12,JR-East.SaikyoKawagoe.Toda
13,JR-East.SaikyoKawagoe.KitaToda
14,JR-East.SaikyoKawagoe.MusashiUrawa
15,JR-East.SaikyoKawagoe.NakaUrawa
16,JR-East.SaikyoKawagoe.MinamiYono
17,JR-East.SaikyoKawagoe.YonoHommachi
18,JR-East.SaikyoKawagoe.KitaYono
19,JR-East.SaikyoKawagoe.Omiya
20,JR-East.SaikyoKawagoe.Nisshin
21,JR-East.SaikyoKawagoe.NishiOmiya
22,JR-East.SaikyoKawagoe.Sashiogi
23,JR-East.SaikyoKawagoe.MinamiFuruya
24,JR-East.SaikyoKawagoe.Kawagoe
6,JR-East.Shinonoi.Matsumoto
1,JR-East.ShonanShinjuku.Ofuna
2,JR-East.ShonanShinjuku.Totsuka
3,JR-East.ShonanShinjuku.HigashiTotsuka
4,JR-East.ShonanShinjuku.Hodogaya
5,JR-East.ShonanShinjuku.Yokohama
6,JR-East.ShonanShinjuku.ShinKawasaki
7,JR-East.ShonanShinjuku.MusashiKosugi
8,JR-East.ShonanShinjuku.NishiOi
9,JR-East.ShonanShinjuku.Osaki
10,JR-East.ShonanShinjuku.Ebisu
11,JR-East.ShonanShinjuku.Shibuya
12,JR-East.ShonanShinjuku.Shinjuku
13,JR-East.ShonanShinjuku.Ikebukuro
14,JR-East.ShonanShinjuku.Akabane
15,JR-East.ShonanShinjuku.Urawa
16,JR-East.ShonanShinjuku.Omiya
1,JR-East.SobuRapid.Tokyo
2,JR-East.SobuRapid.ShinNihombashi
3,JR-East.SobuRapid.Bakurocho
4,JR-East.SobuRapid.Kinshicho
5,JR-East.SobuRapid.ShinKoiwa
6,JR-East.SobuRapid.Ichikawa
7,JR-East.SobuRapid.Funabashi
8,JR-East.SobuRapid.Tsudanuma
9,JR-East.SobuRapid.Inage
10,JR-East.SobuRapid.Chiba
1,JR-East.Sobu.Chiba
2,JR-East.Sobu.HigashiChiba
3,JR-East.Sobu.Tsuga
4,JR-East.Sobu.Yotsukaido
5,JR-East.Sobu.Monoi
6,JR-East.Sobu.Sakura
7,JR-East.Sobu.MinamiShisui
8,JR-East.Sobu.Enokido
9,JR-East.Sobu.Yachimata
10,JR-East.Sobu.Hyuga
11,JR-East.Sobu.Naruto
12,JR-East.Sobu.Matsuo
13,JR-East.Sobu.Yokoshiba
14,JR-East.Sobu.Iigura
15,JR-East.Sobu.Yokaichiba
16,JR-East.Sobu.Higata
17,JR-East.Sobu.Asahi
18,JR-East.Sobu.Iioka
19,JR-East.Sobu.Kurahashi
20,JR-East.Sobu.Saruda
21,JR-East.Sobu.Matsugishi
22,JR-East.Sobu.Choshi
1,JR-East.Sotobo.Chiba
2,JR-East.Sotobo.HonChiba
3,JR-East.Sotobo.Soga
4,JR-East.Sotobo.Kamatori
5,JR-East.Sotobo.Honda
6,JR-East.Sotobo.Toke
7,JR-East.Sotobo.Oami
8,JR-East.Sotobo.Nagata
9,JR-East.Sotobo.Honno
10,JR-East.Sotobo.ShimMobara
11,JR-East.Sotobo.Mobara
12,JR-East.Sotobo.Yatsumi
13,JR-East.Sotobo.KazusaIchinomiya
14,JR-East.Sotobo.Torami
15,JR-East.Sotobo.Taito
16,JR-East.Sotobo.Chojamachi
17,JR-East.Sotobo.Mikado
18,JR-East.Sotobo.Ohara
19,JR-East.Sotobo.Namihana
20,JR-East.Sotobo.Onjuku
21,JR-East.Sotobo.Katsuura
22,JR-East.Sotobo.Ubara
23,JR-East.Sotobo.KazusaOkitsu
24,JR-East.Sotobo.NamegawaIsland
25,JR-East.Sotobo.AwaKominato
26,JR-East.Sotobo.AwaAmatsu
27,JR-East.Sotobo.AwaKamogawa
37,JR-East.Tadami.AizuWakamatsu
1,JR-East.Takasaki.Tokyo
2,JR-East.Takasaki.Ueno
3,JR-East.Takasaki.Oku
4,JR-East.Takasaki.Akabane
5,JR-East.Takasaki.Urawa
6,JR-East.Takasaki.SaitamaShintoshin
7,JR-East.Takasaki.Omiya
8,JR-East.Takasaki.Miyahara
9,JR-East.Takasaki.Ageo
10,JR-East.Takasaki.KitaAgeo
11,JR-East.Takasaki.Okegawa
12,JR-East.Takasaki.Kitamoto
13,JR-East.Takasaki.Konosu
14,JR-East.Takasaki.KitaKonosu
15,JR-East.Takasaki.Fukiage
16,JR-East.Takasaki.Gyoda
17,JR-East.Takasaki.Kumagaya
18,JR-East.Takasaki.Kagohara
19,JR-East.Takasaki.Fukaya
20,JR-East.Takasaki.Okabe
21,JR-East.Takasaki.Honjo
22,JR-East.Takasaki.Jimbohara
23,JR-East.Takasaki.Shimmachi
24,JR-East.Takasaki.Kuragano
25,JR-East.Takasaki.Takasaki
1,JR-East.Togane.Oami
2,JR-East.Togane.Fukutawara
3,JR-East.Togane.Togane
4,JR-East.Togane.Gumyo
5,JR-East.Togane.Naruto
14,JR-East.Tohoku.Koriyama
47,JR-East.Tohoku.Rifu
85,JR-East.Tohoku.Morioka
1,JR-East.Tokaido.Tokyo
2,JR-East.Tokaido.Shimbashi
3,JR-East.Tokaido.Shinagawa
4,JR-East.Tokaido.Kawasaki
5,JR-East.Tokaido.Yokohama
6,JR-East.Tokaido.Totsuka
7,JR-East.Tokaido.Ofuna
8,JR-East.Tokaido.Fujisawa
9,JR-East.Tokaido.Tsujido
10,JR-East.Tokaido.Chigasaki
11,JR-East.Tokaido.Hiratsuka
12,JR-East.Tokaido.Oiso
13,JR-East.Tokaido.Ninomiya
14,JR-East.Tokaido.Kozu
15,JR-East.Tokaido.Kamonomiya
16,JR-East.Tokaido.Odawara
17,JR-East.Tokaido.Hayakawa
18,JR-East.Tokaido.Nebukawa
19,JR-East.Tokaido.Manazuru
20,JR-East.Tokaido.Yugawara
21,JR-East.Tokaido.Atami
1,JR-East.TsurumiOkawaBranch.Anzen
2,JR-East.TsurumiOkawaBranch.Okawa
1,JR-East.TsurumiUmiShibauraBranch.Asano
2,JR-East.TsurumiUmiShibauraBranch.ShinShibaura
3,JR-East.TsurumiUmiShibauraBranch.UmiShibaura
1,JR-East.Tsurumi.Tsurumi
2,JR-East.Tsurumi.Kokudo
3,JR-East.Tsurumi.Tsurumiono
4,JR-East.Tsurumi.Bentembashi
5,JR-East.Tsurumi.Asano
6,JR-East.Tsurumi.Anzen
7,JR-East.Tsurumi.MusashiShiraishi
8,JR-East.Tsurumi.HamaKawasaki
9,JR-East.Tsurumi.Showa
10,JR-East.Tsurumi.Ogimachi
1,JR-East.Uchibo.Chiba
2,JR-East.Uchibo.HonChiba
3,JR-East.Uchibo.Soga
4,JR-East.Uchibo.Hamano
5,JR-East.Uchibo.Yawatajuku
6,JR-East.Uchibo.Goi
7,JR-East.Uchibo.Anegasaki
8,JR-East.Uchibo.Nagaura
9,JR-East.Uchibo.Sodegaura
10,JR-East.Uchibo.Iwane
11,JR-East.Uchibo.Kisarazu
12,JR-East.Uchibo.Kimitsu
13,JR-East.Uchibo.Aohori
14,JR-East.Uchibo.Onuki
15,JR-East.Uchibo.Sanukimachi
16,JR-East.Uchibo.KazusaMinato
17,JR-East.Uchibo.Takeoka
18,JR-East.Uchibo.HamaKanaya
19,JR-East.Uchibo.Hota
20,JR-East.Uchibo.AwaKatsuyama
21,JR-East.Uchibo.Iwai
22,JR-East.Uchibo.Tomiura
23,JR-East.Uchibo.Nakofunakata
24,JR-East.Uchibo.Tateyama
25,JR-East.Uchibo.Kokonoe
26,JR-East.Uchibo.Chikura
27,JR-East.Uchibo.Chitose
28,JR-East.Uchibo.Minamihara
29,JR-East.Uchibo.Wadaura
30,JR-East.Uchibo.Emi
31,JR-East.Uchibo.Futomi
32,JR-East.Uchibo.AwaKamogawa
1,JR-East.Yokosuka.Tokyo
2,JR-East.Yokosuka.Shimbashi
3,JR-East.Yokosuka.Shinagawa
4,JR-East.Yokosuka.NishiOi
5,JR-East.Yokosuka.MusashiKosugi
6,JR-East.Yokosuka.ShinKawasaki
7,JR-East.Yokosuka.Yokohama
8,JR-East.Yokosuka.Hodogaya
9,JR-East.Yokosuka.HigashiTotsuka
10,JR-East.Yokosuka.Totsuka
11,JR-East.Yokosuka.Ofuna
12,JR-East.Yokosuka.KitaKamakura
13,JR-East.Yokosuka.Kamakura
14,JR-East.Yokosuka.Zushi
15,JR-East.Yokosuka.HigashiZushi
16,JR-East.Yokosuka.Taura
17,JR-East.Yokosuka.Yokosuka
18,JR-East.Yokosuka.Kinugasa
19,JR-East.Yokosuka.Kurihama
1,JR-East.Utsunomiya.Tokyo
2,JR-East.Utsunomiya.Ueno
3,JR-East.Utsunomiya.Oku
4,JR-East.Utsunomiya.Akabane
5,JR-East.Utsunomiya.Urawa
6,JR-East.Utsunomiya.SaitamaShintoshin
7,JR-East.Utsunomiya.Omiya
8,JR-East.Utsunomiya.Toro
9,JR-East.Utsunomiya.HigashiOmiya
10,JR-East.Utsunomiya.Hasuda
11,JR-East.Utsunomiya.Shiraoka
12,JR-East.Utsunomiya.ShinShiraoka
13,JR-East.Utsunomiya.Kuki
14,JR-East.Utsunomiya.HigashiWashinomiya
15,JR-East.Utsunomiya.Kurihashi
16,JR-East.Utsunomiya.Koga
17,JR-East.Utsunomiya.Nogi
18,JR-East.Utsunomiya.Mamada
19,JR-East.Utsunomiya.Oyama
20,JR-East.Utsunomiya.Koganei
21,JR-East.Utsunomiya.Jichiidai
22,JR-East.Utsunomiya.Ishibashi
23,JR-East.Utsunomiya.Suzumenomiya
24,JR-East.Utsunomiya.Utsunomiya
25,JR-East.Utsunomiya.Okamoto
26,JR-East.Utsunomiya.Hoshakuji
27,JR-East.Utsunomiya.Ujiie
28,JR-East.Utsunomiya.Kamasusaka
29,JR-East.Utsunomiya.Kataoka
30,JR-East.Utsunomiya.Yaita
31,JR-East.Utsunomiya.Nozaki
32,JR-East.Utsunomiya.NishiNasuno
33,JR-East.Utsunomiya.Nasushiobara
34,JR-East.Utsunomiya.Kuroiso
1,JR-East.Yamanote.Osaki
2,JR-East.Yamanote.Gotanda
3,JR-East.Yamanote.Meguro
4,JR-East.Yamanote.Ebisu
5,JR-East.Yamanote.Shibuya
6,JR-East.Yamanote.Harajuku
7,JR-East.Yamanote.Yoyogi
8,JR-East.Yamanote.Shinjuku
9,JR-East.Yamanote.ShinOkubo
10,JR-East.Yamanote.Takadanobaba
11,JR-East.Yamanote.Mejiro
12,JR-East.Yamanote.Ikebukuro
13,JR-East.Yamanote.Otsuka
14,JR-East.Yamanote.Sugamo
15,JR-East.Yamanote.Komagome
16,JR-East.Yamanote.Tabata
17,JR-East.Yamanote.NishiNippori
18,JR-East.Yamanote.Nippori
19,JR-East.Yamanote.Uguisudani
20,JR-East.Yamanote.Ueno
21,JR-East.Yamanote.Okachimachi
22,JR-East.Yamanote.Akihabara
23,JR-East.Yamanote.Kanda
24,JR-East.Yamanote.Tokyo
25,JR-East.Yamanote.Yurakucho
26,JR-East.Yamanote.Shimbashi
27,JR-East.Yamanote.Hamamatsucho
28,JR-East.Yamanote.Tamachi
29,JR-East.Yamanote.Shinagawa
30,JR-East.Yamanote.Osaki
1,JR-East.Yokohama.HigashiKanagawa
2,JR-East.Yokohama.Oguchi
3,JR-East.Yokohama.Kikuna
4,JR-East.Yokohama.ShinYokohama
5,JR-East.Yokohama.Kozukue
6,JR-East.Yokohama.Kamoi
7,JR-East.Yokohama.Nakayama
8,JR-East.Yokohama.Tokaichiba
9,JR-East.Yokohama.Nagatsuta
10,JR-East.Yokohama.Naruse
11,JR-East.Yokohama.Machida
12,JR-East.Yokohama.Kobuchi
13,JR-East.Yokohama.Fuchinobe
14,JR-East.Yokohama.Yabe
15,JR-East.Yokohama.Sagamihara
16,JR-East.Yokohama.Hashimoto
17,JR-East.Yokohama.Aihara
18,JR-East.Yokohama.Hachiojiminamino
19,JR-East.Yokohama.Katakura
20,JR-East.Yokohama.Hachioji
1,Toei.Arakawa.Minowabashi
2,Toei.Arakawa.ArakawaItchumae
3,Toei.Arakawa.Arakawakuyakushomae
4,Toei.Arakawa.ArakawaNichome
5,Toei.Arakawa.ArakawaNanachome
6,Toei.Arakawa.MachiyaEkimae
7,Toei.Arakawa.MachiyaNichome
8,Toei.Arakawa.HigashiOguSanchome
9,Toei.Arakawa.Kumanomae
10,Toei.Arakawa.Miyanomae
11,Toei.Arakawa.Odai
12,Toei.Arakawa.ArakawaYuenchimae
13,Toei.Arakawa.ArakawaShakomae
14,Toei.Arakawa.Kajiwara
15,Toei.Arakawa.Sakaecho
16,Toei.Arakawa.OjiEkimae
17,Toei.Arakawa.Asukayama
18,Toei.Arakawa.TakinogawaItchome
19,Toei.Arakawa.NishigaharaYonchome
20,Toei.Arakawa.ShinKoshinzuka
21,Toei.Arakawa.Koshinzuka
22,Toei.Arakawa.Sugamoshinden
23,Toei.Arakawa.OtsukaEkimae
24,Toei.Arakawa.Mukohara
25,Toei.Arakawa.HigashiIkebukuroYonchome
26,Toei.Arakawa.TodenZoshigaya
27,Toei.Arakawa.Kishibojimmae
28,Toei.Arakawa.Gakushuinshita
29,Toei.Arakawa.Omokagebashi
30,Toei.Arakawa.Waseda
1,Toei.Asakusa.NishiMagome
2,Toei.Asakusa.Magome
3,Toei.Asakusa.Nakanobu
4,Toei.Asakusa.Togoshi
5,Toei.Asakusa.Gotanda
6,Toei.Asakusa.Takanawadai
7,Toei.Asakusa.Sengakuji
8,Toei.Asakusa.Mita
9,Toei.Asakusa.Daimon
10,Toei.Asakusa.Shimbashi
11,Toei.Asakusa.HigashiGinza
12,Toei.Asakusa.Takaracho
13,Toei.Asakusa.Nihombashi
14,Toei.Asakusa.Ningyocho
15,Toei.Asakusa.HigashiNihombashi
16,Toei.Asakusa.Asakusabashi
17,Toei.Asakusa.Kuramae
18,Toei.Asakusa.Asakusa
19,Toei.Asakusa.HonjoAzumabashi
20,Toei.Asakusa.Oshiage
1,Toei.Mita.Meguro
2,Toei.Mita.Shirokanedai
3,Toei.Mita.ShirokaneTakanawa
4,Toei.Mita.Mita
5,Toei.Mita.Shibakoen
6,Toei.Mita.Onarimon
7,Toei.Mita.Uchisaiwaicho
8,Toei.Mita.Hibiya
9,Toei.Mita.Otemachi
10,Toei.Mita.Jimbocho
11,Toei.Mita.Suidobashi
12,Toei.Mita.Kasuga
13,Toei.Mita.Hakusan
14,Toei.Mita.Sengoku
15,Toei.Mita.Sugamo
16,Toei.Mita.NishiSugamo
17,Toei.Mita.ShinItabashi
18,Toei.Mita.ItabashiKuyakushomae
19,Toei.Mita.Itabashihoncho
20,Toei.Mita.Motohasunuma
21,Toei.Mita.ShimuraSakaue
22,Toei.Mita.ShimuraSanchome
23,Toei.Mita.Hasune
24,Toei.Mita.Nishidai
25,Toei.Mita.Takashimadaira
26,Toei.Mita.ShinTakashimadaira
27,Toei.Mita.NishiTakashimadaira
1,Toei.NipporiToneri.Nippori
2,Toei.NipporiToneri.NishiNippori
3,Toei.NipporiToneri.AkadoShogakkomae
4,Toei.NipporiToneri.Kumanomae
5,Toei.NipporiToneri.AdachiOdai
6,Toei.NipporiToneri.OgiOhashi
7,Toei.NipporiToneri.Koya
8,Toei.NipporiToneri.Kohoku
9,Toei.NipporiToneri.NishiaraidaishiNishi
10,Toei.NipporiToneri.Yazaike
11,Toei.NipporiToneri.ToneriKoen
12,Toei.NipporiToneri.Toneri
13,Toei.NipporiToneri.MinumadaiShinsuikoen
1,Toei.Oedo.Tochomae
2,Toei.Oedo.ShinjukuNishiguchi
3,Toei.Oedo.HigashiShinjuku
4,Toei.Oedo.WakamatsuKawada
5,Toei.Oedo.UshigomeYanagicho
6,Toei.Oedo.UshigomeKagurazaka
7,Toei.Oedo.Iidabashi
8,Toei.Oedo.Kasuga
9,Toei.Oedo.HongoSanchome
10,Toei.Oedo.UenoOkachimachi
11,Toei.Oedo.ShinOkachimachi
12,Toei.Oedo.Kuramae
13,Toei.Oedo.Ryogoku
14,Toei.Oedo.Morishita
15,Toei.Oedo.KiyosumiShirakawa
16,Toei.Oedo.MonzenNakacho
17,Toei.Oedo.Tsukishima
18,Toei.Oedo.Kachidoki
19,Toei.Oedo.Tsukijishijo
20,Toei.Oedo.Shiodome
21,Toei.Oedo.Daimon
22,Toei.Oedo.Akabanebashi
23,Toei.Oedo.AzabuJuban
24,Toei.Oedo.Roppongi
25,Toei.Oedo.AoyamaItchome
26,Toei.Oedo.KokuritsuKyogijo
27,Toei.Oedo.Yoyogi
28,Toei.Oedo.Shinjuku
29,Toei.Oedo.Tochomae
30,Toei.Oedo.NishiShinjukuGochome
31,Toei.Oedo.NakanoSakaue
32,Toei.Oedo.HigashiNakano
33,Toei.Oedo.Nakai
34,Toei.Oedo.OchiaiMinamiNagasaki
35,Toei.Oedo.ShinEgota
36,Toei.Oedo.Nerima
37,Toei.Oedo.Toshimaen
38,Toei.Oedo.NerimaKasugacho
39,Toei.Oedo.Hikarigaoka
1,Toei.Shinjuku.Shinjuku
2,Toei.Shinjuku.ShinjukuSanchome
3,Toei.Shinjuku.Akebonobashi
4,Toei.Shinjuku.Ichigaya
5,Toei.Shinjuku.Kudanshita
6,Toei.Shinjuku.Jimbocho
7,Toei.Shinjuku.Ogawamachi
8,Toei.Shinjuku.Iwamotocho
9,Toei.Shinjuku.BakuroYokoyama
10,Toei.Shinjuku.Hamacho
11,Toei.Shinjuku.Morishita
12,Toei.Shinjuku.Kikukawa
13,Toei.Shinjuku.Sumiyoshi
14,Toei.Shinjuku.NishiOjima
15,Toei.Shinjuku.Ojima
16,Toei.Shinjuku.HigashiOjima
17,Toei.Shinjuku.Funabori
18,Toei.Shinjuku.Ichinoe
19,Toei.Shinjuku.Mizue
20,Toei.Shinjuku.Shinozaki
21,Toei.Shinjuku.Motoyawata
1,TokyoMetro.Chiyoda.YoyogiUehara
2,TokyoMetro.Chiyoda.YoyogiKoen
3,TokyoMetro.Chiyoda.MeijiJingumae
4,TokyoMetro.Chiyoda.OmoteSando
5,TokyoMetro.Chiyoda.Nogizaka
6,TokyoMetro.Chiyoda.Akasaka
7,TokyoMetro.Chiyoda.KokkaiGijidomae
8,TokyoMetro.Chiyoda.Kasumigaseki
9,TokyoMetro.Chiyoda.Hibiya
10,TokyoMetro.Chiyoda.Nijubashimae
11,TokyoMetro.Chiyoda.Otemachi
12,TokyoMetro.Chiyoda.ShinOchanomizu
13,TokyoMetro.Chiyoda.Yushima
14,TokyoMetro.Chiyoda.Nezu
15,TokyoMetro.Chiyoda.Sendagi
16,TokyoMetro.Chiyoda.NishiNippori
17,TokyoMetro.Chiyoda.Machiya
18,TokyoMetro.Chiyoda.KitaSenju
19,TokyoMetro.Chiyoda.Ayase
20,TokyoMetro.Chiyoda.KitaAyase
1,TokyoMetro.Fukutoshin.Wakoshi
2,TokyoMetro.Fukutoshin.ChikatetsuNarimasu
3,TokyoMetro.Fukutoshin.ChikatetsuAkatsuka
4,TokyoMetro.Fukutoshin.Heiwadai
5,TokyoMetro.Fukutoshin.Hikawadai
6,TokyoMetro.Fukutoshin.KotakeMukaihara
7,TokyoMetro.Fukutoshin.Senkawa
8,TokyoMetro.Fukutoshin.Kanamecho
9,TokyoMetro.Fukutoshin.Ikebukuro
10,TokyoMetro.Fukutoshin.Zoshigaya
11,TokyoMetro.Fukutoshin.NishiWaseda
12,TokyoMetro.Fukutoshin.HigashiShinjuku
13,TokyoMetro.Fukutoshin.ShinjukuSanchome
14,TokyoMetro.Fukutoshin.KitaSando
15,TokyoMetro.Fukutoshin.MeijiJingumae
16,TokyoMetro.Fukutoshin.Shibuya
1,TokyoMetro.Ginza.Shibuya
2,TokyoMetro.Ginza.OmoteSando
3,TokyoMetro.Ginza.Gaiemmae
4,TokyoMetro.Ginza.AoyamaItchome
5,TokyoMetro.Ginza.AkasakaMitsuke
6,TokyoMetro.Ginza.TameikeSanno
7,TokyoMetro.Ginza.Toranomon
8,TokyoMetro.Ginza.Shimbashi
9,TokyoMetro.Ginza.Ginza
10,TokyoMetro.Ginza.Kyobashi
11,TokyoMetro.Ginza.Nihombashi
12,TokyoMetro.Ginza.Mitsukoshimae
13,TokyoMetro.Ginza.Kanda
14,TokyoMetro.Ginza.Suehirocho
15,TokyoMetro.Ginza.UenoHirokoji
16,TokyoMetro.Ginza.Ueno
17,TokyoMetro.Ginza.Inaricho
18,TokyoMetro.Ginza.Tawaramachi
19,TokyoMetro.Ginza.Asakusa
1,TokyoMetro.Hanzomon.Shibuya
2,TokyoMetro.Hanzomon.OmoteSando
3,TokyoMetro.Hanzomon.AoyamaItchome
4,TokyoMetro.Hanzomon.Nagatacho
5,TokyoMetro.Hanzomon.Hanzomon
6,TokyoMetro.Hanzomon.Kudanshita
7,TokyoMetro.Hanzomon.Jimbocho
8,TokyoMetro.Hanzomon.Otemachi
9,TokyoMetro.Hanzomon.Mitsukoshimae
10,TokyoMetro.Hanzomon.Suitengumae
11,TokyoMetro.Hanzomon.KiyosumiShirakawa
12,TokyoMetro.Hanzomon.Sumiyoshi
13,TokyoMetro.Hanzomon.Kinshicho
14,TokyoMetro.Hanzomon.Oshiage
1,TokyoMetro.Hibiya.NakaMeguro
2,TokyoMetro.Hibiya.Ebisu
3,TokyoMetro.Hibiya.HiroO
4,TokyoMetro.Hibiya.Roppongi
5,TokyoMetro.Hibiya.Kamiyacho
6,TokyoMetro.Hibiya.Kasumigaseki
7,TokyoMetro.Hibiya.Hibiya
8,TokyoMetro.Hibiya.Ginza
9,TokyoMetro.Hibiya.HigashiGinza
10,TokyoMetro.Hibiya.Tsukiji
11,TokyoMetro.Hibiya.Hatchobori
12,TokyoMetro.Hibiya.Kayabacho
13,TokyoMetro.Hibiya.Ningyocho
14,TokyoMetro.Hibiya.Kodemmacho
15,TokyoMetro.Hibiya.Akihabara
16,TokyoMetro.Hibiya.NakaOkachimachi
17,TokyoMetro.Hibiya.Ueno
18,TokyoMetro.Hibiya.Iriya
19,TokyoMetro.Hibiya.Minowa
20,TokyoMetro.Hibiya.MinamiSenju
21,TokyoMetro.Hibiya.KitaSenju
1,TokyoMetro.MarunouchiBranch.Honancho
2,TokyoMetro.MarunouchiBranch.NakanoFujimicho
3,TokyoMetro.MarunouchiBranch.NakanoShimbashi
4,TokyoMetro.MarunouchiBranch.NakanoSakaue
1,TokyoMetro.Marunouchi.Ogikubo
2,TokyoMetro.Marunouchi.MinamiAsagaya
3,TokyoMetro.Marunouchi.ShinKoenji
4,TokyoMetro.Marunouchi.HigashiKoenji
5,TokyoMetro.Marunouchi.ShinNakano
6,TokyoMetro.Marunouchi.NakanoSakaue
7,TokyoMetro.Marunouchi.NishiShinjuku
8,TokyoMetro.Marunouchi.Shinjuku
9,TokyoMetro.Marunouchi.ShinjukuSanchome
10,TokyoMetro.Marunouchi.ShinjukuGyoemmae
11,TokyoMetro.Marunouchi.YotsuyaSanchome
12,TokyoMetro.Marunouchi.Yotsuya
13,TokyoMetro.Marunouchi.AkasakaMitsuke
14,TokyoMetro.Marunouchi.KokkaiGijidomae
15,TokyoMetro.Marunouchi.Kasumigaseki
16,TokyoMetro.Marunouchi.Ginza
17,TokyoMetro.Marunouchi.Tokyo
18,TokyoMetro.Marunouchi.Otemachi
19,TokyoMetro.Marunouchi.Awajicho
20,TokyoMetro.Marunouchi.Ochanomizu
21,TokyoMetro.Marunouchi.HongoSanchome
22,TokyoMetro.Marunouchi.Korakuen
23,TokyoMetro.Marunouchi.Myogadani
24,TokyoMetro.Marunouchi.ShinOtsuka
25,TokyoMetro.Marunouchi.Ikebukuro
1,TokyoMetro.Namboku.Meguro
2,TokyoMetro.Namboku.Shirokanedai
3,TokyoMetro.Namboku.ShirokaneTakanawa
4,TokyoMetro.Namboku.AzabuJuban
5,TokyoMetro.Namboku.RoppongiItchome
6,TokyoMetro.Namboku.TameikeSanno
7,TokyoMetro.Namboku.Nagatacho
8,TokyoMetro.Namboku.Yotsuya
9,TokyoMetro.Namboku.Ichigaya
10,TokyoMetro.Namboku.Iidabashi
11,TokyoMetro.Namboku.Korakuen
12,TokyoMetro.Namboku.Todaimae
13,TokyoMetro.Namboku.HonKomagome
14,TokyoMetro.Namboku.Komagome
15,TokyoMetro.Namboku.Nishigahara
16,TokyoMetro.Namboku.Oji
17,TokyoMetro.Namboku.OjiKamiya
18,TokyoMetro.Namboku.Shimo
19,TokyoMetro.Namboku.AkabaneIwabuchi
1,TokyoMetro.Tozai.Nakano
2,TokyoMetro.Tozai.Ochiai
3,TokyoMetro.Tozai.Takadanobaba
4,TokyoMetro.Tozai.Waseda
5,TokyoMetro.Tozai.Kagurazaka
6,TokyoMetro.Tozai.Iidabashi
7,TokyoMetro.Tozai.Kudanshita
8,TokyoMetro.Tozai.Takebashi
9,TokyoMetro.Tozai.Otemachi
10,TokyoMetro.Tozai.Nihombashi
11,TokyoMetro.Tozai.Kayabacho
12,TokyoMetro.Tozai.MonzenNakacho
13,TokyoMetro.Tozai.Kiba
14,TokyoMetro.Tozai.Toyocho
15,TokyoMetro.Tozai.MinamiSunamachi
16,TokyoMetro.Tozai.NishiKasai
17,TokyoMetro.Tozai.Kasai
18,TokyoMetro.Tozai.Urayasu
19,TokyoMetro.Tozai.MinamiGyotoku
20,TokyoMetro.Tozai.Gyotoku
21,TokyoMetro.Tozai.Myoden
22,TokyoMetro.Tozai.BarakiNakayama
23,TokyoMetro.Tozai.NishiFunabashi
1,TokyoMetro.Yurakucho.Wakoshi
2,TokyoMetro.Yurakucho.ChikatetsuNarimasu
3,TokyoMetro.Yurakucho.ChikatetsuAkatsuka
4,TokyoMetro.Yurakucho.Heiwadai
5,TokyoMetro.Yurakucho.Hikawadai
6,TokyoMetro.Yurakucho.KotakeMukaihara
7,TokyoMetro.Yurakucho.Senkawa
8,TokyoMetro.Yurakucho.Kanamecho
9,TokyoMetro.Yurakucho.Ikebukuro
10,TokyoMetro.Yurakucho.HigashiIkebukuro
11,TokyoMetro.Yurakucho.Gokokuji
12,TokyoMetro.Yurakucho.Edogawabashi
13,TokyoMetro.Yurakucho.Iidabashi
14,TokyoMetro.Yurakucho.Ichigaya
15,TokyoMetro.Yurakucho.Kojimachi
16,TokyoMetro.Yurakucho.Nagatacho
17,TokyoMetro.Yurakucho.Sakuradamon
18,TokyoMetro.Yurakucho.Yurakucho
19,TokyoMetro.Yurakucho.GinzaItchome
20,TokyoMetro.Yurakucho.Shintomicho
21,TokyoMetro.Yurakucho.Tsukishima
22,TokyoMetro.Yurakucho.Toyosu
23,TokyoMetro.Yurakucho.Tatsumi
24,TokyoMetro.Yurakucho.ShinKiba
1,Keikyu.Airport.KeikyuKamata
2,Keikyu.Airport.Kojiya
3,Keikyu.Airport.Otorii
4,Keikyu.Airport.AnamoriInari
5,Keikyu.Airport.Tenkubashi
6,Keikyu.Airport.HanedaAirportInternationalTerminal
7,Keikyu.Airport.HanedaAirportDomesticTerminal
1,Keikyu.Daishi.KeikyuKawasaki
2,Keikyu.Daishi.Minatocho
3,Keikyu.Daishi.Suzukicho
4,Keikyu.Daishi.Kawasakidaishi
5,Keikyu.Daishi.Higashimonzen
6,Keikyu.Daishi.Sangyodoro
7,Keikyu.Daishi.Kojimashinden
1,Keikyu.Kurihama.Horinouchi
2,Keikyu.Kurihama.Shinotsu
3,Keikyu.Kurihama.Kitakurihama
4,Keikyu.Kurihama.KeikyuKurihama
5,Keikyu.Kurihama.YrpNobi
6,Keikyu.Kurihama.KeikyuNagasawa
7,Keikyu.Kurihama.Tsukuihama
8,Keikyu.Kurihama.Miurakaigan
9,Keikyu.Kurihama.Misakiguchi
1,Keikyu.Main.Sengakuji
2,Keikyu.Main.Shinagawa
3,Keikyu.Main.Kitashinagawa
4,Keikyu.Main.Shimbamba
5,Keikyu.Main.AomonoYokocho
6,Keikyu.Main.Samezu
7,Keikyu.Main.Tachiaigawa
8,Keikyu.Main.Omorikaigan
9,Keikyu.Main.Heiwajima
10,Keikyu.Main.Omorimachi
11,Keikyu.Main.Umeyashiki
12,Keikyu.Main.KeikyuKamata
13,Keikyu.Main.Zoshiki
14,Keikyu.Main.Rokugodote
15,Keikyu.Main.KeikyuKawasaki
16,Keikyu.Main.HatchoNawate
17,Keikyu.Main.TsurumiIchiba
18,Keikyu.Main.KeikyuTsurumi
19,Keikyu.Main.KagetsuenMae
20,Keikyu.Main.Namamugi
21,Keikyu.Main.KeikyuShinkoyasu
22,Keikyu.Main.Koyasu
23,Keikyu.Main.KanagawaShimmachi
24,Keikyu.Main.Nakakido
25,Keikyu.Main.Kanagawa
26,Keikyu.Main.Yokohama
27,Keikyu.Main.Tobe
28,Keikyu.Main.Hinodecho
29,Keikyu.Main.Koganecho
30,Keikyu.Main.Minamiota
31,Keikyu.Main.Idogaya
32,Keikyu.Main.Gumyoji
33,Keikyu.Main.Kamiooka
34,Keikyu.Main.Byobugaura
35,Keikyu.Main.Sugita
36,Keikyu.Main.KeikyuTomioka
37,Keikyu.Main.Nokendai
38,Keikyu.Main.KanazawaBunko
39,Keikyu.Main.KanazawaHakkei
40,Keikyu.Main.Oppama
41,Keikyu.Main.KeikyuTaura
42,Keikyu.Main.Anjinzuka
43,Keikyu.Main.Hemi
44,Keikyu.Main.Shioiri
45,Keikyu.Main.YokosukaChuo
46,Keikyu.Main.Kenritsudaigaku
47,Keikyu.Main.Horinouchi
48,Keikyu.Main.KeikyuOtsu
49,Keikyu.Main.Maborikaigan
50,Keikyu.Main.Uraga
1,Keikyu.Zushi.KanazawaHakkei
2,Keikyu.Zushi.Mutsuura
3,Keikyu.Zushi.Jimmuji
4,Keikyu.Zushi.Shinzushi
1,Keio.Dobutsuen.Takahatafudo
2,Keio.Dobutsuen.TamaDobutsukoen
1,Keio.Inokashira.Shibuya
2,Keio.Inokashira.Shinsen
3,Keio.Inokashira.KomabaTodaimae
4,Keio.Inokashira.Ikenoue
5,Keio.Inokashira.ShimoKitazawa
6,Keio.Inokashira.Shindaita
7,Keio.Inokashira.HigashiMatsubara
8,Keio.Inokashira.Meidaimae
9,Keio.Inokashira.Eifukucho
10,Keio.Inokashira.NishiEifuku
11,Keio.Inokashira.Hamadayama
12,Keio.Inokashira.Takaido
13,Keio.Inokashira.Fujimigaoka
14,Keio.Inokashira.Kugayama
15,Keio.Inokashira.Mitakadai
16,Keio.Inokashira.InokashiraKoen
17,Keio.Inokashira.Kichijoji
1,Keio.Keibajo.HigashiFuchu
2,Keio.Keibajo.FuchukeibaSeimommae
1,Keio.KeioNew.Shinjuku
2,Keio.KeioNew.Hatsudai
3,Keio.KeioNew.Hatagaya
4,Keio.KeioNew.Sasazuka
1,Keio.Keio.Shinjuku
2,Keio.Keio.Sasazuka
3,Keio.Keio.Daitabashi
4,Keio.Keio.Meidaimae
5,Keio.Keio.ShimoTakaido
6,Keio.Keio.Sakurajosui
7,Keio.Keio.KamiKitazawa
8,Keio.Keio.HachimanYama
9,Keio.Keio.RokaKoen
10,Keio.Keio.ChitoseKarasuyama
11,Keio.Keio.Sengawa
12,Keio.Keio.Tsutsujigaoka
13,Keio.Keio.Shibasaki
14,Keio.Keio.Kokuryo
15,Keio.Keio.Fuda
16,Keio.Keio.Chofu
17,Keio.Keio.NishiChofu
18,Keio.Keio.Tobitakyu
19,Keio.Keio.Musashinodai
20,Keio.Keio.TamaReien
21,Keio.Keio.HigashiFuchu
22,Keio.Keio.Fuchu
23,Keio.Keio.Bubaigawara
24,Keio.Keio.Nakagawara
25,Keio.Keio.SeisekiSakuragaoka
26,Keio.Keio.Mogusaen
27,Keio.Keio.Takahatafudo
28,Keio.Keio.Minamidaira
29,Keio.Keio.HirayamajoshiKoen
30,Keio.Keio.Naganuma
31,Keio.Keio.Kitano
32,Keio.Keio.KeioHachioji
1,Keio.Sagamihara.Chofu
2,Keio.Sagamihara.KeioTamagawa
3,Keio.Sagamihara.KeioInadazutsumi
4,Keio.Sagamihara.KeioYomiuriLand
5,Keio.Sagamihara.Inagi
6,Keio.Sagamihara.Wakabadai
7,Keio.Sagamihara.KeioNagayama
8,Keio.Sagamihara.KeioTamaCenter
9,Keio.Sagamihara.KeioHorinouchi
10,Keio.Sagamihara.MinamiOsawa
11,Keio.Sagamihara.Tamasakai
12,Keio.Sagamihara.Hashimoto
1,Keio.Takao.Kitano
2,Keio.Takao.KeioKatakura
3,Keio.Takao.Yamada
4,Keio.Takao.Mejirodai
5,Keio.Takao.Hazama
6,Keio.Takao.Takao
7,Keio.Takao.Takaosanguchi
1,Tobu.Daishi.Nishiarai
2,Tobu.Daishi.Daishimae
1,Tobu.Isesaki.TobuDobutsuKoen
2,Tobu.Isesaki.Wado
3,Tobu.Isesaki.Kuki
4,Tobu.Isesaki.Washinomiya
5,Tobu.Isesaki.Hanasaki
6,Tobu.Isesaki.Kazo
7,Tobu.Isesaki.MinamiHanyu
8,Tobu.Isesaki.Hanyu
9,Tobu.Isesaki.Kawamata
10,Tobu.Isesaki.Morinjimae
11,Tobu.Isesaki.Tatebayashi
12,Tobu.Isesaki.Tatara
13,Tobu.Isesaki.Agata
14,Tobu.Isesaki.Fukui
15,Tobu.Isesaki.TobuIzumi
16,Tobu.Isesaki.Ashikagashi
17,Tobu.Isesaki.YashuYamabe
18,Tobu.Isesaki.Niragawa
19,Tobu.Isesaki.Ota
20,Tobu.Isesaki.Hosoya
21,Tobu.Isesaki.Kizaki
22,Tobu.Isesaki.Serada
23,Tobu.Isesaki.Sakaimachi
24,Tobu.Isesaki.Goshi
25,Tobu.Isesaki.ShinIsesaki
26,Tobu.Isesaki.Isesaki
1,Tobu.Kameido.Hikifune
2,Tobu.Kameido.Omurai
3,Tobu.Kameido.HigashiAzuma
4,Tobu.Kameido.Kameidosuijin
5,Tobu.Kameido.Kameido
1,Tobu.Kinugawa.ShimoImaichi
2,Tobu.Kinugawa.Daiyamuko
3,Tobu.Kinugawa.Okuwa
4,Tobu.Kinugawa.ShinTakatoku
5,Tobu.Kinugawa.Kosagoe
6,Tobu.Kinugawa.TobuWorldSquare
7,Tobu.Kinugawa.KinugawaOnsen
8,Tobu.Kinugawa.KinugawaKoen
9,Tobu.Kinugawa.ShinFujiwara
1,Tobu.Kiryu.Ota
2,Tobu.Kiryu.Sammaibashi
3,Tobu.Kiryu.Jiroembashi
4,Tobu.Kiryu.Yabuzuka
5,Tobu.Kiryu.Azami
6,Tobu.Kiryu.ShinKiryu
7,Tobu.Kiryu.Aioi
8,Tobu.Kiryu.Akagi
1,Tobu.KoizumiBranch.HigashiKoizumi
2,Tobu.KoizumiBranch.Ryumai
3,Tobu.KoizumiBranch.Ota
1,Tobu.Koizumi.Tatebayashi
2,Tobu.Koizumi.Narushima
3,Tobu.Koizumi.HonNakano
4,Tobu.Koizumi.Shinozuka
5,Tobu.Koizumi.HigashiKoizumi
6,Tobu.Koizumi.Koizumimachi
7,Tobu.Koizumi.NishiKoizumi
1,Tobu.Nikko.TobuDobutsuKoen
2,Tobu.Nikko.SugitoTakanodai
3,Tobu.Nikko.Satte
4,Tobu.Nikko.MinamiKurihashi
5,Tobu.Nikko.Kurihashi
6,Tobu.Nikko.ShinKoga
7,Tobu.Nikko.Yagyu
8,Tobu.Nikko.ItakuraToyodaimae
9,Tobu.Nikko.Fujioka
10,Tobu.Nikko.Shizuwa
11,Tobu.Nikko.ShinOhirashita
12,Tobu.Nikko.Tochigi
13,Tobu.Nikko.ShinTochigi
14,Tobu.Nikko.Kassemba
15,Tobu.Nikko.Ienaka
16,Tobu.Nikko.TobuKanasaki
17,Tobu.Nikko.Niregi
18,Tobu.Nikko.Momiyama
19,Tobu.Nikko.ShinKanuma
20,Tobu.Nikko.KitaKanuma
21,Tobu.Nikko.Itaga
22,Tobu.Nikko.ShimoGoshiro
23,Tobu.Nikko.Myojin
24,Tobu.Nikko.ShimoImaichi
25,Tobu.Nikko.KamiImaichi
26,Tobu.Nikko.TobuNikko
1,Tobu.Ogose.Sakado
2,Tobu.Ogose.Ippommatsu
3,Tobu.Ogose.NishiOya
4,Tobu.Ogose.Kawakado
5,Tobu.Ogose.BushuNagase
6,Tobu.Ogose.HigashiMoro
7,Tobu.Ogose.BushuKarasawa
8,Tobu.Ogose.Ogose
1,Tobu.Sano.Tatebayashi
2,Tobu.Sano.Watarase
3,Tobu.Sano.Tajima
4,Tobu.Sano.Sanoshi
5,Tobu.Sano.Sano
6,Tobu.Sano.Horigome
7,Tobu.Sano.Yoshimizu
8,Tobu.Sano.Tanuma
9,Tobu.Sano.Tada
10,Tobu.Sano.Kuzu
1,Tobu.TobuSkytreeBranch.Oshiage
2,Tobu.TobuSkytreeBranch.Hikifune
1,Tobu.TobuSkytree.Asakusa
2,Tobu.TobuSkytree.TokyoSkytree
3,Tobu.TobuSkytree.Hikifune
4,Tobu.TobuSkytree.HigashiMukojima
5,Tobu.TobuSkytree.Kanegafuchi
6,Tobu.TobuSkytree.Horikiri
7,Tobu.TobuSkytree.Ushida
8,Tobu.TobuSkytree.KitaSenju
9,Tobu.TobuSkytree.Kosuge
10,Tobu.TobuSkytree.Gotanno
11,Tobu.TobuSkytree.Umejima
12,Tobu.TobuSkytree.Nishiarai
13,Tobu.TobuSkytree.Takenotsuka
14,Tobu.TobuSkytree.Yatsuka
15,Tobu.TobuSkytree.Soka
16,Tobu.TobuSkytree.Dokkyodaigakumae
17,Tobu.TobuSkytree.Shinden
18,Tobu.TobuSkytree.Gamo
19,Tobu.TobuSkytree.ShinKoshigaya
20,Tobu.TobuSkytree.Koshigaya
21,Tobu.TobuSkytree.KitaKoshigaya
22,Tobu.TobuSkytree.Obukuro
23,Tobu.TobuSkytree.Sengendai
24,Tobu.TobuSkytree.Takesato
25,Tobu.TobuSkytree.Ichinowari
26,Tobu.TobuSkytree.Kasukabe
27,Tobu.TobuSkytree.KitaKasukabe
28,Tobu.TobuSkytree.Himemiya
29,Tobu.TobuSkytree.TobuDobutsuKoen
1,Tobu.TobuUrbanPark.Omiya
2,Tobu.TobuUrbanPark.KitaOmiya
3,Tobu.TobuUrbanPark.OmiyaKoen
4,Tobu.TobuUrbanPark.Owada
5,Tobu.TobuUrbanPark.Nanasato
6,Tobu.TobuUrbanPark.Iwatsuki
7,Tobu.TobuUrbanPark.HigashiIwatsuki
8,Tobu.TobuUrbanPark.Toyoharu
9,Tobu.TobuUrbanPark.Yagisaki
10,Tobu.TobuUrbanPark.Kasukabe
11,Tobu.TobuUrbanPark.FujinoUshijima
12,Tobu.TobuUrbanPark.MinamiSakurai
13,Tobu.TobuUrbanPark.Kawama
14,Tobu.TobuUrbanPark.Nanakodai
15,Tobu.TobuUrbanPark.ShimizuKoen
16,Tobu.TobuUrbanPark.Atago
17,Tobu.TobuUrbanPark.Nodashi
18,Tobu.TobuUrbanPark.Umesato
19,Tobu.TobuUrbanPark.Unga
20,Tobu.TobuUrbanPark.Edogawadai
21,Tobu.TobuUrbanPark.Hatsuishi
22,Tobu.TobuUrbanPark.NagareyamaOtakanomori
23,Tobu.TobuUrbanPark.Toyoshiki
24,Tobu.TobuUrbanPark.Kashiwa
25,Tobu.TobuUrbanPark.ShinKashiwa
26,Tobu.TobuUrbanPark.Masuo
27,Tobu.TobuUrbanPark.Sakasai
28,Tobu.TobuUrbanPark.Takayanagi
29,Tobu.TobuUrbanPark.Mutsumi
30,Tobu.TobuUrbanPark.ShinKamagaya
31,Tobu.TobuUrbanPark.Kamagaya
32,Tobu.TobuUrbanPark.Magomezawa
33,Tobu.TobuUrbanPark.Tsukada
34,Tobu.TobuUrbanPark.ShinFunabashi
35,Tobu.TobuUrbanPark.Funabashi
1,Tobu.Tojo.Ikebukuro
2,Tobu.Tojo.KitaIkebukuro
3,Tobu.Tojo.ShimoItabashi
4,Tobu.Tojo.Oyama
5,Tobu.Tojo.NakaItabashi
6,Tobu.Tojo.Tokiwadai
7,Tobu.Tojo.KamiItabashi
8,Tobu.Tojo.TobuNerima
9,Tobu.Tojo.ShimoAkatsuka
10,Tobu.Tojo.Narimasu
11,Tobu.Tojo.Wakoshi
12,Tobu.Tojo.Asaka
13,Tobu.Tojo.Asakadai
14,Tobu.Tojo.Shiki
15,Tobu.Tojo.Yanasegawa
16,Tobu.Tojo.Mizuhodai
17,Tobu.Tojo.Tsuruse
18,Tobu.Tojo.Fujimino
19,Tobu.Tojo.KamiFukuoka
20,Tobu.Tojo.Shingashi
21,Tobu.Tojo.Kawagoe
22,Tobu.Tojo.Kawagoeshi
23,Tobu.Tojo.Kasumigaseki
24,Tobu.Tojo.Tsurugashima
25,Tobu.Tojo.Wakaba
26,Tobu.Tojo.Sakado
27,Tobu.Tojo.KitaSakado
28,Tobu.Tojo.Takasaka
29,Tobu.Tojo.HigashiMatsuyama
30,Tobu.Tojo.ShinrinKoen
31,Tobu.Tojo.Tsukinowa
32,Tobu.Tojo.MusashiRanzan
33,Tobu.Tojo.Ogawamachi
34,Tobu.Tojo.TobuTakezawa
35,Tobu.Tojo.Obusuma
36,Tobu.Tojo.Hachigata
37,Tobu.Tojo.Tamayodo
38,Tobu.Tojo.Yorii
1,Tobu.Utsunomiya.ShinTochigi
2,Tobu.Utsunomiya.YashuHirakawa
3,Tobu.Utsunomiya.YashuOtsuka
4,Tobu.Utsunomiya.Mibu
5,Tobu.Utsunomiya.Kuniya
6,Tobu.Utsunomiya.Omochanomachi
7,Tobu.Utsunomiya.Yasuzuka
8,Tobu.Utsunomiya.Nishikawada
9,Tobu.Utsunomiya.Esojima
10,Tobu.Utsunomiya.MinamiUtsunomiya
11,Tobu.Utsunomiya.TobuUtsunomiya
1,Tokyu.DenEnToshi.Shibuya
2,Tokyu.DenEnToshi.Ikejiriohashi
3,Tokyu.DenEnToshi.SangenJaya
4,Tokyu.DenEnToshi.KomazawaDaigaku
5,Tokyu.DenEnToshi.SakuraShimmachi
6,Tokyu.DenEnToshi.Yoga
7,Tokyu.DenEnToshi.FutakoTamagawa
8,Tokyu.DenEnToshi.FutakoShinchi
9,Tokyu.DenEnToshi.Takatsu
10,Tokyu.DenEnToshi.Mizonokuchi
11,Tokyu.DenEnToshi.Kajigaya
12,Tokyu.DenEnToshi.Miyazakidai
13,Tokyu.DenEnToshi.Miyamaedaira
14,Tokyu.DenEnToshi.Saginuma
15,Tokyu.DenEnToshi.TamaPlaza
16,Tokyu.DenEnToshi.Azamino
17,Tokyu.DenEnToshi.Eda
18,Tokyu.DenEnToshi.Ichigao
19,Tokyu.DenEnToshi.Fujigaoka
20,Tokyu.DenEnToshi.Aobadai
21,Tokyu.DenEnToshi.Tana
22,Tokyu.DenEnToshi.Nagatsuta
23,Tokyu.DenEnToshi.Tsukushino
24,Tokyu.DenEnToshi.Suzukakedai
25,Tokyu.DenEnToshi.MinamiMachida
26,Tokyu.DenEnToshi.Tsukimino
27,Tokyu.DenEnToshi.ChuoRinkan
1,Tokyu.Ikegami.Gotanda
2,Tokyu.Ikegami.Osakihirokoji
3,Tokyu.Ikegami.TogoshiGinza
4,Tokyu.Ikegami.EbaraNakanobu
5,Tokyu.Ikegami.Hatanodai
6,Tokyu.Ikegami.Nagahara
7,Tokyu.Ikegami.SenzokuIke
8,Tokyu.Ikegami.IshikawaDai
9,Tokyu.Ikegami.Yukigayaotsuka
10,Tokyu.Ikegami.Ontakesan
11,Tokyu.Ikegami.Kugahara
12,Tokyu.Ikegami.Chidoricho
13,Tokyu.Ikegami.Ikegami
14,Tokyu.Ikegami.Hasunuma
15,Tokyu.Ikegami.Kamata
1,Tokyu.Kodomonokuni.Nagatsuta
2,Tokyu.Kodomonokuni.Onda
3,Tokyu.Kodomonokuni.Kodomonokuni
1,Tokyu.Meguro.Meguro
2,Tokyu.Meguro.FudoMae
3,Tokyu.Meguro.MusashiKoyama
4,Tokyu.Meguro.NishiKoyama
5,Tokyu.Meguro.Senzoku
6,Tokyu.Meguro.Ookayama
7,Tokyu.Meguro.Okusawa
8,Tokyu.Meguro.DenEnChofu
9,Tokyu.Meguro.Tamagawa
10,Tokyu.Meguro.ShinMaruko
11,Tokyu.Meguro.MusashiKosugi
12,Tokyu.Meguro.Motosumiyoshi
13,Tokyu.Meguro.Hiyoshi
1,Tokyu.Oimachi.Oimachi
2,Tokyu.Oimachi.ShimoShimmei
3,Tokyu.Oimachi.TogoshiKoen
4,Tokyu.Oimachi.Nakanobu
5,Tokyu.Oimachi.EbaraMachi
6,Tokyu.Oimachi.Hatanodai
7,Tokyu.Oimachi.KitaSenzoku
8,Tokyu.Oimachi.Ookayama
9,Tokyu.Oimachi.Midorigaoka
10,Tokyu.Oimachi.Jiyugaoka
11,Tokyu.Oimachi.Kuhombutsu
12,Tokyu.Oimachi.Oyamadai
13,Tokyu.Oimachi.Todoroki
14,Tokyu.Oimachi.Kaminoge
15,Tokyu.Oimachi.FutakoTamagawa
16,Tokyu.Oimachi.Mizonokuchi
1,Tokyu.Setagaya.SangenJaya
2,Tokyu.Setagaya.NishiTaishido
3,Tokyu.Setagaya.Wakabayashi
4,Tokyu.Setagaya.ShoinJinjaMae
5,Tokyu.Setagaya.Setagaya
6,Tokyu.Setagaya.Kamimachi
7,Tokyu.Setagaya.Miyanosaka
8,Tokyu.Setagaya.Yamashita
9,Tokyu.Setagaya.Matsubara
10,Tokyu.Setagaya.ShimoTakaido
1,Tokyu.TokyuTamagawa.Tamagawa
2,Tokyu.TokyuTamagawa.Numabe
3,Tokyu.TokyuTamagawa.Unoki
4,Tokyu.TokyuTamagawa.Shimomaruko
5,Tokyu.TokyuTamagawa.MusashiNitta
6,Tokyu.TokyuTamagawa.YaguchiNoWatashi
7,Tokyu.TokyuTamagawa.Kamata
1,Tokyu.Toyoko.Shibuya
2,Tokyu.Toyoko.DaikanYama
3,Tokyu.Toyoko.NakaMeguro
4,Tokyu.Toyoko.Yutenji
5,Tokyu.Toyoko.GakugeiDaigaku
6,Tokyu.Toyoko.ToritsuDaigaku
7,Tokyu.Toyoko.Jiyugaoka
8,Tokyu.Toyoko.DenEnChofu
9,Tokyu.Toyoko.Tamagawa
10,Tokyu.Toyoko.ShinMaruko
11,Tokyu.Toyoko.MusashiKosugi
12,Tokyu.Toyoko.Motosumiyoshi
13,Tokyu.Toyoko.Hiyoshi
14,Tokyu.Toyoko.Tsunashima
15,Tokyu.Toyoko.Okurayama
16,Tokyu.Toyoko.Kikuna
17,Tokyu.Toyoko.Myorenji
18,Tokyu.Toyoko.Hakuraku
19,Tokyu.Toyoko.HigashiHakuraku
20,Tokyu.Toyoko.Tammachi
21,Tokyu.Toyoko.Yokohama
1,TWR.Rinkai.ShinKiba
2,TWR.Rinkai.Shinonome
3,TWR.Rinkai.KokusaiTenjijo
4,TWR.Rinkai.TokyoTeleport
5,TWR.Rinkai.TennozuIsle
6,TWR.Rinkai.ShinagawaSeaside
7,TWR.Rinkai.Oimachi
8,TWR.Rinkai.Osaki
1,Yurikamome.Yurikamome.Shimbashi
2,Yurikamome.Yurikamome.Shiodome
3,Yurikamome.Yurikamome.Takeshiba
4,Yurikamome.Yurikamome.Hinode
5,Yurikamome.Yurikamome.ShibauraFuto
6,Yurikamome.Yurikamome.OdaibaKaihinkoen
7,Yurikamome.Yurikamome.Daiba
8,Yurikamome.Yurikamome.TokyoInternationalCruiseTerminal
9,Yurikamome.Yurikamome.TelecomCenter
10,Yurikamome.Yurikamome.Aomi
11,Yurikamome.Yurikamome.TokyoBigSight
12,Yurikamome.Yurikamome.Ariake
13,Yurikamome.Yurikamome.AriakeTennisNoMori
14,Yurikamome.Yurikamome.ShijoMae
15,Yurikamome.Yurikamome.ShinToyosu
16,Yurikamome.Yurikamome.Toyosu
